variable,eta2,vif
Elevation,0.6164451695029903,1.336522511506242
Aspect,0.0045341248401247316,1.862046049226715
Slope,0.07457087151665522,6.843858421657229
Horizontal_Distance_To_Hydrology,0.023657626780649556,1.810239494393893
Vertical_Distance_To_Hydrology,0.012456857682223111,1.827608878600541
Horizontal_Distance_To_Roadways,0.09604459103323822,1.3015590920607885
Hillshade_9am,0.03271457286391956,104.82397927176801
Hillshade_Noon,0.029448875452109342,38.14507345028174
Hillshade_3pm,0.010570735199414285,144.33854257838718
Horizontal_Distance_To_Fire_Points,0.06971146073889511,1.1635687703072357
