,Elevation,Aspect,Slope,Horizontal_Distance_To_Hydrology,Vertical_Distance_To_Hydrology,Horizontal_Distance_To_Roadways,Hillshade_9am,Hillshade_Noon,Hillshade_3pm,Horizontal_Distance_To_Fire_Points
Elevation,1.0,0.016179805051359894,-0.24264440270984394,0.30580322462955134,0.09273318365307985,0.3655855772250254,0.11172849889733723,0.20540854145839846,0.059300080137301626,0.14748798333123087
Aspect,0.016179805051359894,1.0,0.07776271142457371,0.017240267862718702,0.06953178260686647,0.02540308190122352,-0.5791311926487834,0.33585904281288353,0.6469149287683711,-0.10916571385304863
Slope,-0.24264440270984394,0.07776271142457371,1.0,-0.010631690214967335,0.27381444199091926,-0.21648504736511437,-0.32641814244794387,-0.5272732574630836,-0.17652520818736026,-0.18564027340386835
Horizontal_Distance_To_Hydrology,0.30580322462955134,0.017240267862718702,-0.010631690214967335,1.0,0.6064551077869678,0.07162743431230187,-0.02660339919053482,0.04658890002000253,0.05186863896819947,0.051572419012430766
Vertical_Distance_To_Hydrology,0.09273318365307985,0.06953178260686647,0.27381444199091926,0.6064551077869678,1.0,-0.046450609658569314,-0.16492784612945888,-0.11089973340056411,0.03405165746842362,-0.07054155335885727
Horizontal_Distance_To_Roadways,0.3655855772250254,0.02540308190122352,-0.21648504736511437,0.07162743431230187,-0.046450609658569314,1.0,0.03492882063640345,0.18968198654768384,0.10582257284078517,0.3314908777529085
Hillshade_9am,0.11172849889733723,-0.5791311926487834,-0.32641814244794387,-0.02660339919053482,-0.16492784612945888,0.03492882063640345,1.0,0.01005123647765414,-0.7803790407683693,0.13282284903009903
Hillshade_Noon,0.20540854145839846,0.33585904281288353,-0.5272732574630836,0.04658890002000253,-0.11089973340056411,0.18968198654768384,0.01005123647765414,1.0,0.594088915328901,0.057898661342573085
Hillshade_3pm,0.059300080137301626,0.6469149287683711,-0.17652520818736026,0.05186863896819947,0.03405165746842362,0.10582257284078517,-0.7803790407683693,0.594088915328901,1.0,-0.04781467206256633
Horizontal_Distance_To_Fire_Points,0.14748798333123087,-0.10916571385304863,-0.18564027340386835,0.051572419012430766,-0.07054155335885727,0.3314908777529085,0.13282284903009903,0.057898661342573085,-0.04781467206256633,1.0
