area,id_clase,proporcion
Cache la Poudre,1,0.0
Cache la Poudre,2,0.08185457693140014
Cache la Poudre,3,0.5803397533001515
Cache la Poudre,4,0.07430750919714348
Cache la Poudre,5,0.0
Cache la Poudre,6,0.26349816057130493
Cache la Poudre,7,0.0
Comanche Peak,1,0.34546344389889644
Comanche Peak,2,0.4937283907737484
Comanche Peak,3,0.05644053614562448
Comanche Peak,4,0.0
Comanche Peak,5,0.022544639333133356
Comanche Peak,6,0.03009898801724002
Comanche Peak,7,0.05172400183135726
Neota,1,0.6222393253915138
Neota,2,0.3006625619060367
Neota,3,0.0
Neota,4,0.0
Neota,5,0.0
Neota,6,0.0
Neota,7,0.07709811270244947
Rawah,1,0.4053628123130723
Rawah,2,0.5605799168698906
Rawah,3,0.0
Rawah,4,0.0
Rawah,5,0.014497921747266062
Rawah,6,0.0
Rawah,7,0.01955934906977101
