a,b,solapamiento
1,2,0.517158994697128
1,3,0.04020406255020415
1,4,0.00018882175226586105
1,5,0.14675531519308455
1,6,0.04302152655632395
1,7,0.3308944844761085
2,3,0.17498059276955724
2,4,0.010239461346466817
2,5,0.4979126922800535
2,6,0.19658140862404783
2,7,0.1042619907845871
3,4,0.47991304003980056
3,5,0.1676827392799695
3,6,0.8675849194988465
3,7,0.0006184356559039804
4,5,0.004309949212814197
4,6,0.3843672480301589
4,7,0.0
5,6,0.18928355513446005
5,7,0.003900536323744515
6,7,0.0009803540030082192
